{
  "model_name": "bert-base-nli-mean-tokens",
  "sts_path": "datasets/stsbenchmark",
  "sts_test_file": "sts-test.csv",
  "batch_size": 32,
  "main_similarity": "cosine",
  "num_runs": 10,
  "seed_start": 42,
  "seed_step": 1,
  "seeds": [
    42,
    43,
    44,
    45,
    46,
    47,
    48,
    49,
    50,
    51
  ],
  "aggregate": {
    "score_mean": 0.7698430960996038,
    "score_std": 0.0,
    "cosine_pearson_mean": 0.74145293,
    "cosine_pearson_std": 0.0,
    "cosine_spearman_mean": 0.7698430960996038,
    "cosine_spearman_std": 0.0,
    "dot_pearson_mean": 0.72731805,
    "dot_pearson_std": 0.0,
    "dot_spearman_mean": 0.7270071192022488,
    "dot_spearman_std": 0.0,
    "euclidean_pearson_mean": 0.7712925,
    "euclidean_pearson_std": 0.0,
    "euclidean_spearman_mean": 0.7707402585119252,
    "euclidean_spearman_std": 0.0,
    "manhattan_pearson_mean": 0.7729571,
    "manhattan_pearson_std": 0.0,
    "manhattan_spearman_mean": 0.771238280670305,
    "manhattan_spearman_std": 0.0
  },
  "runs": [
    {
      "run_index": 1,
      "seed": 42,
      "score": 0.7698430960996038,
      "metrics": {
        "cosine_pearson": 0.74145293,
        "cosine_spearman": 0.7698430960996038,
        "euclidean_pearson": 0.7712925,
        "euclidean_spearman": 0.7707402585119252,
        "manhattan_pearson": 0.7729571,
        "manhattan_spearman": 0.771238280670305,
        "dot_pearson": 0.72731805,
        "dot_spearman": 0.7270071192022488
      },
      "output_path": "output/eval_pretrained_bert-base-nli-mean-tokens_17113/run_01_seed_42"
    },
    {
      "run_index": 2,
      "seed": 43,
      "score": 0.7698430960996038,
      "metrics": {
        "cosine_pearson": 0.74145293,
        "cosine_spearman": 0.7698430960996038,
        "euclidean_pearson": 0.7712925,
        "euclidean_spearman": 0.7707402585119252,
        "manhattan_pearson": 0.7729571,
        "manhattan_spearman": 0.771238280670305,
        "dot_pearson": 0.72731805,
        "dot_spearman": 0.7270071192022488
      },
      "output_path": "output/eval_pretrained_bert-base-nli-mean-tokens_17113/run_02_seed_43"
    },
    {
      "run_index": 3,
      "seed": 44,
      "score": 0.7698430960996038,
      "metrics": {
        "cosine_pearson": 0.74145293,
        "cosine_spearman": 0.7698430960996038,
        "euclidean_pearson": 0.7712925,
        "euclidean_spearman": 0.7707402585119252,
        "manhattan_pearson": 0.7729571,
        "manhattan_spearman": 0.771238280670305,
        "dot_pearson": 0.72731805,
        "dot_spearman": 0.7270071192022488
      },
      "output_path": "output/eval_pretrained_bert-base-nli-mean-tokens_17113/run_03_seed_44"
    },
    {
      "run_index": 4,
      "seed": 45,
      "score": 0.7698430960996038,
      "metrics": {
        "cosine_pearson": 0.74145293,
        "cosine_spearman": 0.7698430960996038,
        "euclidean_pearson": 0.7712925,
        "euclidean_spearman": 0.7707402585119252,
        "manhattan_pearson": 0.7729571,
        "manhattan_spearman": 0.771238280670305,
        "dot_pearson": 0.72731805,
        "dot_spearman": 0.7270071192022488
      },
      "output_path": "output/eval_pretrained_bert-base-nli-mean-tokens_17113/run_04_seed_45"
    },
    {
      "run_index": 5,
      "seed": 46,
      "score": 0.7698430960996038,
      "metrics": {
        "cosine_pearson": 0.74145293,
        "cosine_spearman": 0.7698430960996038,
        "euclidean_pearson": 0.7712925,
        "euclidean_spearman": 0.7707402585119252,
        "manhattan_pearson": 0.7729571,
        "manhattan_spearman": 0.771238280670305,
        "dot_pearson": 0.72731805,
        "dot_spearman": 0.7270071192022488
      },
      "output_path": "output/eval_pretrained_bert-base-nli-mean-tokens_17113/run_05_seed_46"
    },
    {
      "run_index": 6,
      "seed": 47,
      "score": 0.7698430960996038,
      "metrics": {
        "cosine_pearson": 0.74145293,
        "cosine_spearman": 0.7698430960996038,
        "euclidean_pearson": 0.7712925,
        "euclidean_spearman": 0.7707402585119252,
        "manhattan_pearson": 0.7729571,
        "manhattan_spearman": 0.771238280670305,
        "dot_pearson": 0.72731805,
        "dot_spearman": 0.7270071192022488
      },
      "output_path": "output/eval_pretrained_bert-base-nli-mean-tokens_17113/run_06_seed_47"
    },
    {
      "run_index": 7,
      "seed": 48,
      "score": 0.7698430960996038,
      "metrics": {
        "cosine_pearson": 0.74145293,
        "cosine_spearman": 0.7698430960996038,
        "euclidean_pearson": 0.7712925,
        "euclidean_spearman": 0.7707402585119252,
        "manhattan_pearson": 0.7729571,
        "manhattan_spearman": 0.771238280670305,
        "dot_pearson": 0.72731805,
        "dot_spearman": 0.7270071192022488
      },
      "output_path": "output/eval_pretrained_bert-base-nli-mean-tokens_17113/run_07_seed_48"
    },
    {
      "run_index": 8,
      "seed": 49,
      "score": 0.7698430960996038,
      "metrics": {
        "cosine_pearson": 0.74145293,
        "cosine_spearman": 0.7698430960996038,
        "euclidean_pearson": 0.7712925,
        "euclidean_spearman": 0.7707402585119252,
        "manhattan_pearson": 0.7729571,
        "manhattan_spearman": 0.771238280670305,
        "dot_pearson": 0.72731805,
        "dot_spearman": 0.7270071192022488
      },
      "output_path": "output/eval_pretrained_bert-base-nli-mean-tokens_17113/run_08_seed_49"
    },
    {
      "run_index": 9,
      "seed": 50,
      "score": 0.7698430960996038,
      "metrics": {
        "cosine_pearson": 0.74145293,
        "cosine_spearman": 0.7698430960996038,
        "euclidean_pearson": 0.7712925,
        "euclidean_spearman": 0.7707402585119252,
        "manhattan_pearson": 0.7729571,
        "manhattan_spearman": 0.771238280670305,
        "dot_pearson": 0.72731805,
        "dot_spearman": 0.7270071192022488
      },
      "output_path": "output/eval_pretrained_bert-base-nli-mean-tokens_17113/run_09_seed_50"
    },
    {
      "run_index": 10,
      "seed": 51,
      "score": 0.7698430960996038,
      "metrics": {
        "cosine_pearson": 0.74145293,
        "cosine_spearman": 0.7698430960996038,
        "euclidean_pearson": 0.7712925,
        "euclidean_spearman": 0.7707402585119252,
        "manhattan_pearson": 0.7729571,
        "manhattan_spearman": 0.771238280670305,
        "dot_pearson": 0.72731805,
        "dot_spearman": 0.7270071192022488
      },
      "output_path": "output/eval_pretrained_bert-base-nli-mean-tokens_17113/run_10_seed_51"
    }
  ],
  "output_path": "output/eval_pretrained_bert-base-nli-mean-tokens_17113"
}