{
  "model_name": "result/runtime_sbert_base_sts_nli_mnrl_unireg/model",
  "evaluation_task": "sts",
  "num_runs": 3,
  "seed_start": 42,
  "seed_step": 1,
  "seeds": [
    42,
    43,
    44
  ],
  "aggregate": {
    "score_mean": 0.8679247693609868,
    "score_std": 0.0012634151093145318,
    "cosine_pearson_mean": 0.8632611666666666,
    "cosine_pearson_std": 0.0005643939876835571,
    "cosine_spearman_mean": 0.8679247693609868,
    "cosine_spearman_std": 0.0012634151093145318,
    "dot_pearson_mean": 0.8351746966666667,
    "dot_pearson_std": 0.0019237000782433061,
    "dot_spearman_mean": 0.8339818311022904,
    "dot_spearman_std": 0.0026432084892014877,
    "euclidean_pearson_mean": 0.8595458866666666,
    "euclidean_pearson_std": 0.0006480920556011648,
    "euclidean_spearman_mean": 0.8636027420582725,
    "euclidean_spearman_std": 0.0016895373934820085,
    "manhattan_pearson_mean": 0.85912959,
    "manhattan_pearson_std": 0.0005457324218882592,
    "manhattan_spearman_mean": 0.8632075469579152,
    "manhattan_spearman_std": 0.0016076574697162585
  },
  "runs": [
    {
      "run_index": 1,
      "seed": 42,
      "score": 0.8667156174952503,
      "metrics": {
        "cosine_pearson": 0.8629867,
        "cosine_spearman": 0.8667156174952503,
        "euclidean_pearson": 0.8589367,
        "euclidean_spearman": 0.8619734768472286,
        "manhattan_pearson": 0.85865337,
        "manhattan_spearman": 0.8616084763766072,
        "dot_pearson": 0.83566284,
        "dot_spearman": 0.8344663617096031
      }
    },
    {
      "run_index": 2,
      "seed": 43,
      "score": 0.8678224637177524,
      "metrics": {
        "cosine_pearson": 0.8639103,
        "cosine_spearman": 0.8678224637177524,
        "euclidean_pearson": 0.85947406,
        "euclidean_spearman": 0.8634880427758043,
        "manhattan_pearson": 0.8590103,
        "manhattan_spearman": 0.8631905086162917,
        "dot_pearson": 0.83305395,
        "dot_spearman": 0.8311298773717678
      }
    },
    {
      "run_index": 3,
      "seed": 44,
      "score": 0.8692362268699579,
      "metrics": {
        "cosine_pearson": 0.8628865,
        "cosine_spearman": 0.8692362268699579,
        "euclidean_pearson": 0.8602269,
        "euclidean_spearman": 0.8653467065517847,
        "manhattan_pearson": 0.8597251,
        "manhattan_spearman": 0.8648236558808468,
        "dot_pearson": 0.8368073,
        "dot_spearman": 0.8363492542255003
      }
    }
  ],
  "main_similarity": "cosine",
  "sts_path": "datasets/stsbenchmark",
  "sts_test_file": "sts-test.csv"
}