{
  "model_name": "result/rerun_pulled_sts_aoe_3runs_v2/run_03_seed_44/model",
  "sts_path": "datasets/stsbenchmark",
  "sts_test_file": "sts-test.csv",
  "batch_size": 64,
  "main_similarity": "cosine",
  "num_runs": 3,
  "seed_start": 42,
  "seed_step": 1,
  "seeds": [
    42,
    43,
    44
  ],
  "aggregate": {
    "score_mean": 0.8568040559162847,
    "score_std": 0.0012609188233692911,
    "cosine_pearson_mean": 0.8465049666666666,
    "cosine_pearson_std": 0.0013746232659653578,
    "cosine_spearman_mean": 0.8568040559162847,
    "cosine_spearman_std": 0.0012609188233692911,
    "dot_pearson_mean": 0.7211591833333333,
    "dot_pearson_std": 0.015019239924371472,
    "dot_spearman_mean": 0.7034805124534385,
    "dot_spearman_std": 0.012646773847769311,
    "euclidean_pearson_mean": 0.8543996166666666,
    "euclidean_pearson_std": 0.002896918399063606,
    "euclidean_spearman_mean": 0.8541545349452677,
    "euclidean_spearman_std": 0.003085142509510839,
    "manhattan_pearson_mean": 0.85420875,
    "manhattan_pearson_std": 0.002898892526897088,
    "manhattan_spearman_mean": 0.8539215274567241,
    "manhattan_spearman_std": 0.00303265503414448
  },
  "runs": [
    {
      "run_index": 1,
      "seed": 42,
      "score": 0.8573099902052995,
      "metrics": {
        "cosine_pearson": 0.8455426,
        "cosine_spearman": 0.8573099902052995,
        "euclidean_pearson": 0.8516802,
        "euclidean_spearman": 0.8519262316100364,
        "manhattan_pearson": 0.8513899,
        "manhattan_spearman": 0.8515788858431498,
        "dot_pearson": 0.7116627,
        "dot_spearman": 0.6973888901716498
      },
      "output_path": "result/rerun_pulled_sts_aoe_3runs_v2/run_01_seed_42/eval"
    },
    {
      "run_index": 2,
      "seed": 43,
      "score": 0.8553687440037311,
      "metrics": {
        "cosine_pearson": 0.8480793,
        "cosine_spearman": 0.8553687440037311,
        "euclidean_pearson": 0.8540724,
        "euclidean_spearman": 0.8528615924126829,
        "manhattan_pearson": 0.8540548,
        "manhattan_spearman": 0.8528387366294335,
        "dot_pearson": 0.71334,
        "dot_spearman": 0.6950324125002519
      },
      "output_path": "result/rerun_pulled_sts_aoe_3runs_v2/run_02_seed_43/eval"
    },
    {
      "run_index": 3,
      "seed": 44,
      "score": 0.8577334335398236,
      "metrics": {
        "cosine_pearson": 0.845893,
        "cosine_spearman": 0.8577334335398236,
        "euclidean_pearson": 0.85744625,
        "euclidean_spearman": 0.8576757808130838,
        "manhattan_pearson": 0.85718155,
        "manhattan_spearman": 0.8573469598975889,
        "dot_pearson": 0.73847485,
        "dot_spearman": 0.7180202346884136
      },
      "output_path": "result/rerun_pulled_sts_aoe_3runs_v2/run_03_seed_44/eval"
    }
  ],
  "output_path": "result/rerun_pulled_sts_aoe_3runs_v2"
}