{
  "model_name": "result/runtime_sbert_base_nli/model",
  "evaluation_task": "senteval",
  "num_runs": 3,
  "seed_start": 42,
  "seed_step": 1,
  "seeds": [
    42,
    43,
    44
  ],
  "aggregate": {
    "score_mean": 85.18,
    "score_std": 0.3320806393338991,
    "CR_acc_mean": 87.71666666666667,
    "CR_acc_std": 0.6902415036299531,
    "CR_devacc_mean": 89.42999999999999,
    "CR_devacc_std": 0.10583005244258405,
    "CR_ndev_mean": 3775.0,
    "CR_ndev_std": 0.0,
    "CR_ntest_mean": 3775.0,
    "CR_ntest_std": 0.0,
    "MPQA_acc_mean": 89.54,
    "MPQA_acc_std": 0.30512292604784674,
    "MPQA_devacc_mean": 89.47333333333333,
    "MPQA_devacc_std": 0.12220201853215312,
    "MPQA_ndev_mean": 10606.0,
    "MPQA_ndev_std": 0.0,
    "MPQA_ntest_mean": 10606.0,
    "MPQA_ntest_std": 0.0,
    "MRPC_acc_mean": 75.03333333333333,
    "MRPC_acc_std": 0.5293706955747833,
    "MRPC_devacc_mean": 76.48,
    "MRPC_devacc_std": 0.43485629810317383,
    "MRPC_f1_mean": 81.97,
    "MRPC_f1_std": 1.539707764480003,
    "MRPC_ndev_mean": 4076.0,
    "MRPC_ndev_std": 0.0,
    "MRPC_ntest_mean": 1725.0,
    "MRPC_ntest_std": 0.0,
    "MR_acc_mean": 81.29,
    "MR_acc_std": 0.1652271164185893,
    "MR_devacc_mean": 82.20333333333333,
    "MR_devacc_std": 0.055075705472860816,
    "MR_ndev_mean": 10685.0,
    "MR_ndev_std": 0.0,
    "MR_ntest_mean": 10685.0,
    "MR_ntest_std": 0.0,
    "SST2_acc_mean": 86.73,
    "SST2_acc_std": 1.2307721153812352,
    "SST2_devacc_mean": 87.92,
    "SST2_devacc_std": 0.764460594144652,
    "SST2_ndev_mean": 872.0,
    "SST2_ndev_std": 0.0,
    "SST2_ntest_mean": 1821.0,
    "SST2_ntest_std": 0.0,
    "SUBJ_acc_mean": 92.88333333333334,
    "SUBJ_acc_std": 0.20792626898334426,
    "SUBJ_devacc_mean": 93.14,
    "SUBJ_devacc_std": 0.06557438524302538,
    "SUBJ_ndev_mean": 10021.0,
    "SUBJ_ndev_std": 0.0,
    "SUBJ_ntest_mean": 10021.0,
    "SUBJ_ntest_std": 0.0,
    "TREC_acc_mean": 83.06666666666666,
    "TREC_acc_std": 1.1015141094572218,
    "TREC_devacc_mean": 75.60333333333332,
    "TREC_devacc_std": 0.9544806615816469,
    "TREC_ndev_mean": 5452.0,
    "TREC_ndev_std": 0.0,
    "TREC_ntest_mean": 500.0,
    "TREC_ntest_std": 0.0
  },
  "runs": [
    {
      "run_index": 1,
      "seed": 42,
      "score": 84.93142857142857,
      "metrics": {
        "MR_devacc": 82.2,
        "MR_acc": 81.4,
        "MR_ndev": 10685.0,
        "MR_ntest": 10685.0,
        "CR_devacc": 89.35,
        "CR_acc": 87.95,
        "CR_ndev": 3775.0,
        "CR_ntest": 3775.0,
        "SUBJ_devacc": 93.2,
        "SUBJ_acc": 93.12,
        "SUBJ_ndev": 10021.0,
        "SUBJ_ntest": 10021.0,
        "MPQA_devacc": 89.34,
        "MPQA_acc": 89.23,
        "MPQA_ndev": 10606.0,
        "MPQA_ntest": 10606.0,
        "SST2_devacc": 87.04,
        "SST2_acc": 85.39,
        "SST2_ndev": 872.0,
        "SST2_ntest": 1821.0,
        "TREC_devacc": 75.71,
        "TREC_acc": 83.0,
        "TREC_ndev": 5452.0,
        "TREC_ntest": 500.0,
        "MRPC_devacc": 76.77,
        "MRPC_acc": 74.43,
        "MRPC_f1": 80.75,
        "MRPC_ndev": 4076.0,
        "MRPC_ntest": 1725.0
      }
    },
    {
      "run_index": 2,
      "seed": 43,
      "score": 85.05142857142857,
      "metrics": {
        "MR_devacc": 82.15,
        "MR_acc": 81.37,
        "MR_ndev": 10685.0,
        "MR_ntest": 10685.0,
        "CR_devacc": 89.39,
        "CR_acc": 86.94,
        "CR_ndev": 3775.0,
        "CR_ntest": 3775.0,
        "SUBJ_devacc": 93.15,
        "SUBJ_acc": 92.8,
        "SUBJ_ndev": 10021.0,
        "SUBJ_ntest": 10021.0,
        "MPQA_devacc": 89.58,
        "MPQA_acc": 89.84,
        "MPQA_ndev": 10606.0,
        "MPQA_ntest": 10606.0,
        "SST2_devacc": 88.3,
        "SST2_acc": 86.99,
        "SST2_ndev": 872.0,
        "SST2_ntest": 1821.0,
        "TREC_devacc": 74.6,
        "TREC_acc": 82.0,
        "TREC_ndev": 5452.0,
        "TREC_ntest": 500.0,
        "MRPC_devacc": 76.69,
        "MRPC_acc": 75.42,
        "MRPC_f1": 83.7,
        "MRPC_ndev": 4076.0,
        "MRPC_ntest": 1725.0
      }
    },
    {
      "run_index": 3,
      "seed": 44,
      "score": 85.55714285714286,
      "metrics": {
        "MR_devacc": 82.26,
        "MR_acc": 81.1,
        "MR_ndev": 10685.0,
        "MR_ntest": 10685.0,
        "CR_devacc": 89.55,
        "CR_acc": 88.26,
        "CR_ndev": 3775.0,
        "CR_ntest": 3775.0,
        "SUBJ_devacc": 93.07,
        "SUBJ_acc": 92.73,
        "SUBJ_ndev": 10021.0,
        "SUBJ_ntest": 10021.0,
        "MPQA_devacc": 89.5,
        "MPQA_acc": 89.55,
        "MPQA_ndev": 10606.0,
        "MPQA_ntest": 10606.0,
        "SST2_devacc": 88.42,
        "SST2_acc": 87.81,
        "SST2_ndev": 872.0,
        "SST2_ntest": 1821.0,
        "TREC_devacc": 76.5,
        "TREC_acc": 84.2,
        "TREC_ndev": 5452.0,
        "TREC_ntest": 500.0,
        "MRPC_devacc": 75.98,
        "MRPC_acc": 75.25,
        "MRPC_f1": 81.46,
        "MRPC_ndev": 4076.0,
        "MRPC_ntest": 1725.0
      }
    }
  ],
  "senteval_toolkit_path": "datasets/SentEval",
  "senteval_data_path": "datasets/SentEval/data",
  "senteval_tasks": [
    "MR",
    "CR",
    "SUBJ",
    "MPQA",
    "SST2",
    "TREC",
    "MRPC"
  ],
  "senteval_kfold": 10,
  "senteval_main_metric": "auto"
}