{
  "model_name": "result/runtime_sbert_base_sts_nli_mnrl/model",
  "evaluation_task": "sts",
  "num_runs": 3,
  "seed_start": 42,
  "seed_step": 1,
  "seeds": [
    42,
    43,
    44
  ],
  "aggregate": {
    "score_mean": 0.8674852383317755,
    "score_std": 0.0012676439696843633,
    "cosine_pearson_mean": 0.8628472666666667,
    "cosine_pearson_std": 0.0006156936927834556,
    "cosine_spearman_mean": 0.8674852383317755,
    "cosine_spearman_std": 0.0012676439696843633,
    "dot_pearson_mean": 0.83468231,
    "dot_pearson_std": 0.0022539113978370874,
    "dot_spearman_mean": 0.8333782993538869,
    "dot_spearman_std": 0.0028398734226742443,
    "euclidean_pearson_mean": 0.8591070333333333,
    "euclidean_pearson_std": 0.0004722055943477773,
    "euclidean_spearman_mean": 0.8632927906936742,
    "euclidean_spearman_std": 0.001401630339363065,
    "manhattan_pearson_mean": 0.8586779566666667,
    "manhattan_pearson_std": 0.00037369207461939786,
    "manhattan_spearman_mean": 0.8629972821854462,
    "manhattan_spearman_std": 0.0012107619195850941
  },
  "runs": [
    {
      "run_index": 1,
      "seed": 42,
      "score": 0.8665412894671849,
      "metrics": {
        "cosine_pearson": 0.8630863,
        "cosine_spearman": 0.8665412894671849,
        "euclidean_pearson": 0.8586307,
        "euclidean_spearman": 0.8622289326951232,
        "manhattan_pearson": 0.8583548,
        "manhattan_spearman": 0.8620956176365315,
        "dot_pearson": 0.8356419,
        "dot_spearman": 0.833792440092921
      }
    },
    {
      "run_index": 2,
      "seed": 43,
      "score": 0.8669883775667044,
      "metrics": {
        "cosine_pearson": 0.8633076,
        "cosine_spearman": 0.8669883775667044,
        "euclidean_pearson": 0.8591154,
        "euclidean_spearman": 0.862768442159622,
        "manhattan_pearson": 0.8585919,
        "manhattan_spearman": 0.862522806291324,
        "dot_pearson": 0.8321074,
        "dot_spearman": 0.8303540945106509
      }
    },
    {
      "run_index": 3,
      "seed": 44,
      "score": 0.868926047961437,
      "metrics": {
        "cosine_pearson": 0.8621479,
        "cosine_spearman": 0.868926047961437,
        "euclidean_pearson": 0.859575,
        "euclidean_spearman": 0.8648809972262771,
        "manhattan_pearson": 0.85908717,
        "manhattan_spearman": 0.8643734226284833,
        "dot_pearson": 0.83629763,
        "dot_spearman": 0.8359883634580888
      }
    }
  ],
  "main_similarity": "cosine",
  "sts_path": "datasets/stsbenchmark",
  "sts_test_file": "sts-test.csv"
}