{
  "model_name": "result/runtime_sbert_base_sts_nli_mnrl/model",
  "sts_path": "datasets/stsbenchmark",
  "sts_test_file": "sts-test.csv",
  "main_similarity": "cosine",
  "num_runs": 3,
  "seed_start": 42,
  "seed_step": 1,
  "seeds": [
    42,
    43,
    44
  ],
  "aggregate": {
    "score_mean": 0.8538316897953785,
    "score_std": 0.007729354918734547,
    "cosine_pearson_mean": 0.8499060666666667,
    "cosine_pearson_std": 0.00806322319319847,
    "cosine_spearman_mean": 0.8538316897953785,
    "cosine_spearman_std": 0.007729354918734547,
    "dot_pearson_mean": 0.8279286433333334,
    "dot_pearson_std": 0.004650419780474973,
    "dot_spearman_mean": 0.8270446129274651,
    "dot_spearman_std": 0.004037641104991753,
    "euclidean_pearson_mean": 0.8504376466666667,
    "euclidean_pearson_std": 0.005522776425905083,
    "euclidean_spearman_mean": 0.8542635286025635,
    "euclidean_spearman_std": 0.006338339430722031,
    "manhattan_pearson_mean": 0.85073075,
    "manhattan_pearson_std": 0.005258196999685332,
    "manhattan_spearman_mean": 0.8547754775473945,
    "manhattan_spearman_std": 0.006092955521464852
  },
  "runs": [
    {
      "run_index": 1,
      "seed": 42,
      "score": 0.8595976909234679,
      "metrics": {
        "cosine_pearson": 0.8552623,
        "cosine_spearman": 0.8595976909234679,
        "euclidean_pearson": 0.8535685,
        "euclidean_spearman": 0.8581388991757632,
        "manhattan_pearson": 0.8538785,
        "manhattan_spearman": 0.8584845017085789,
        "dot_pearson": 0.8282264,
        "dot_spearman": 0.8267183990103394
      }
    },
    {
      "run_index": 2,
      "seed": 43,
      "score": 0.8568485070847017,
      "metrics": {
        "cosine_pearson": 0.8538233,
        "cosine_spearman": 0.8568485070847017,
        "euclidean_pearson": 0.8536836,
        "euclidean_spearman": 0.8577027080091959,
        "manhattan_pearson": 0.85365325,
        "manhattan_spearman": 0.8580984611756717,
        "dot_pearson": 0.83242303,
        "dot_spearman": 0.8312354654158405
      }
    },
    {
      "run_index": 3,
      "seed": 44,
      "score": 0.8450488713779658,
      "metrics": {
        "cosine_pearson": 0.8406326,
        "cosine_spearman": 0.8450488713779658,
        "euclidean_pearson": 0.84406084,
        "euclidean_spearman": 0.8469489786227312,
        "manhattan_pearson": 0.8446605,
        "manhattan_spearman": 0.8477434697579328,
        "dot_pearson": 0.8231365,
        "dot_spearman": 0.8231799743562156
      }
    }
  ]
}