{
  "model_name": "result/runtime_sbert_base_nli_mnrl/model",
  "evaluation_task": "senteval",
  "num_runs": 3,
  "seed_start": 42,
  "seed_step": 1,
  "seeds": [
    42,
    43,
    44
  ],
  "aggregate": {
    "score_mean": 84.79666666666667,
    "score_std": 0.4071060969202732,
    "CR_acc_mean": 87.32,
    "CR_acc_std": 0.41327956639543506,
    "CR_devacc_mean": 88.78666666666666,
    "CR_devacc_std": 0.31879983270593404,
    "CR_ndev_mean": 3775.0,
    "CR_ndev_std": 0.0,
    "CR_ntest_mean": 3775.0,
    "CR_ntest_std": 0.0,
    "MPQA_acc_mean": 89.14666666666668,
    "MPQA_acc_std": 0.3900427327016026,
    "MPQA_devacc_mean": 89.03,
    "MPQA_devacc_std": 0.27874719729532976,
    "MPQA_ndev_mean": 10606.0,
    "MPQA_ndev_std": 0.0,
    "MPQA_ntest_mean": 10606.0,
    "MPQA_ntest_std": 0.0,
    "MRPC_acc_mean": 74.51333333333334,
    "MRPC_acc_std": 0.8422786553946019,
    "MRPC_devacc_mean": 75.41666666666667,
    "MRPC_devacc_std": 0.47077949544700587,
    "MRPC_f1_mean": 80.96666666666667,
    "MRPC_f1_std": 1.5053349571883725,
    "MRPC_ndev_mean": 4076.0,
    "MRPC_ndev_std": 0.0,
    "MRPC_ntest_mean": 1725.0,
    "MRPC_ntest_std": 0.0,
    "MR_acc_mean": 80.05666666666666,
    "MR_acc_std": 0.3134219732777741,
    "MR_devacc_mean": 80.50333333333334,
    "MR_devacc_std": 0.30599564267050233,
    "MR_ndev_mean": 10685.0,
    "MR_ndev_std": 0.0,
    "MR_ntest_mean": 10685.0,
    "MR_ntest_std": 0.0,
    "SST2_acc_mean": 85.46666666666667,
    "SST2_acc_std": 1.0893270093655614,
    "SST2_devacc_mean": 86.12333333333333,
    "SST2_devacc_std": 0.9419306414664167,
    "SST2_ndev_mean": 872.0,
    "SST2_ndev_std": 0.0,
    "SST2_ntest_mean": 1821.0,
    "SST2_ntest_std": 0.0,
    "SUBJ_acc_mean": 93.74,
    "SUBJ_acc_std": 0.1600000000000037,
    "SUBJ_devacc_mean": 94.23333333333333,
    "SUBJ_devacc_std": 0.12503332889007077,
    "SUBJ_ndev_mean": 10021.0,
    "SUBJ_ndev_std": 0.0,
    "SUBJ_ntest_mean": 10021.0,
    "SUBJ_ntest_std": 0.0,
    "TREC_acc_mean": 83.33333333333333,
    "TREC_acc_std": 2.9143323992525816,
    "TREC_devacc_mean": 76.83,
    "TREC_devacc_std": 1.316852307588061,
    "TREC_ndev_mean": 5452.0,
    "TREC_ndev_std": 0.0,
    "TREC_ntest_mean": 500.0,
    "TREC_ntest_std": 0.0
  },
  "runs": [
    {
      "run_index": 1,
      "seed": 42,
      "score": 84.42,
      "metrics": {
        "MR_devacc": 80.68,
        "MR_acc": 80.32,
        "MR_ndev": 10685.0,
        "MR_ntest": 10685.0,
        "CR_devacc": 88.5,
        "CR_acc": 87.66,
        "CR_ndev": 3775.0,
        "CR_ntest": 3775.0,
        "SUBJ_devacc": 94.29,
        "SUBJ_acc": 93.74,
        "SUBJ_ndev": 10021.0,
        "SUBJ_ntest": 10021.0,
        "MPQA_devacc": 88.8,
        "MPQA_acc": 88.76,
        "MPQA_ndev": 10606.0,
        "MPQA_ntest": 10606.0,
        "SST2_devacc": 85.89,
        "SST2_acc": 84.68,
        "SST2_ndev": 872.0,
        "SST2_ntest": 1821.0,
        "TREC_devacc": 76.23,
        "TREC_acc": 81.0,
        "TREC_ndev": 5452.0,
        "TREC_ntest": 500.0,
        "MRPC_devacc": 75.61,
        "MRPC_acc": 74.78,
        "MRPC_f1": 80.93,
        "MRPC_ndev": 4076.0,
        "MRPC_ntest": 1725.0
      }
    },
    {
      "run_index": 2,
      "seed": 43,
      "score": 84.74142857142857,
      "metrics": {
        "MR_devacc": 80.15,
        "MR_acc": 79.71,
        "MR_ndev": 10685.0,
        "MR_ntest": 10685.0,
        "CR_devacc": 88.73,
        "CR_acc": 87.44,
        "CR_ndev": 3775.0,
        "CR_ntest": 3775.0,
        "SUBJ_devacc": 94.32,
        "SUBJ_acc": 93.9,
        "SUBJ_ndev": 10021.0,
        "SUBJ_ntest": 10021.0,
        "MPQA_devacc": 89.34,
        "MPQA_acc": 89.54,
        "MPQA_ndev": 10606.0,
        "MPQA_ntest": 10606.0,
        "SST2_devacc": 85.32,
        "SST2_acc": 85.01,
        "SST2_ndev": 872.0,
        "SST2_ntest": 1821.0,
        "TREC_devacc": 75.92,
        "TREC_acc": 82.4,
        "TREC_ndev": 5452.0,
        "TREC_ntest": 500.0,
        "MRPC_devacc": 75.76,
        "MRPC_acc": 75.19,
        "MRPC_f1": 82.49,
        "MRPC_ndev": 4076.0,
        "MRPC_ntest": 1725.0
      }
    },
    {
      "run_index": 3,
      "seed": 44,
      "score": 85.22857142857143,
      "metrics": {
        "MR_devacc": 80.68,
        "MR_acc": 80.14,
        "MR_ndev": 10685.0,
        "MR_ntest": 10685.0,
        "CR_devacc": 89.13,
        "CR_acc": 86.86,
        "CR_ndev": 3775.0,
        "CR_ntest": 3775.0,
        "SUBJ_devacc": 94.09,
        "SUBJ_acc": 93.58,
        "SUBJ_ndev": 10021.0,
        "SUBJ_ntest": 10021.0,
        "MPQA_devacc": 88.95,
        "MPQA_acc": 89.14,
        "MPQA_ndev": 10606.0,
        "MPQA_ntest": 10606.0,
        "SST2_devacc": 87.16,
        "SST2_acc": 86.71,
        "SST2_ndev": 872.0,
        "SST2_ntest": 1821.0,
        "TREC_devacc": 78.34,
        "TREC_acc": 86.6,
        "TREC_ndev": 5452.0,
        "TREC_ntest": 500.0,
        "MRPC_devacc": 74.88,
        "MRPC_acc": 73.57,
        "MRPC_f1": 79.48,
        "MRPC_ndev": 4076.0,
        "MRPC_ntest": 1725.0
      }
    }
  ],
  "senteval_toolkit_path": "datasets/SentEval",
  "senteval_data_path": "datasets/SentEval/data",
  "senteval_tasks": [
    "MR",
    "CR",
    "SUBJ",
    "MPQA",
    "SST2",
    "TREC",
    "MRPC"
  ],
  "senteval_kfold": 10,
  "senteval_main_metric": "auto"
}